Rk,Player,Age,Pos,G,GS,Tgt,Rec,Yds,Y/R,TD,1D,Succ%,Lng,R/G,Y/G,Ctch%,Y/Tgt,Fmb
1,Ja'Marr Chase,24,WR,17,16,175,127,1708,13.4,17,75,62.3,70,7.5,100.5,72.6,9.8,0
2,Amon-Ra St. Brown,25,WR,17,17,141,115,1263,11,12,73,70.2,66,6.8,74.3,81.6,9,1
3,Brock Bowers,22,TE,17,16,153,112,1194,10.7,5,61,60.8,57,6.6,70.2,73.2,7.8,0
4,Trey McBride,25,TE,16,16,147,111,1146,10.3,2,63,63.3,37,6.9,71.6,75.5,7.8,0
5,Malik Nabers,21,WR,15,13,170,109,1204,11,7,55,51.2,59,7.3,80.3,64.1,7.1,1
6,Justin Jefferson,25,WR,17,17,154,103,1533,14.9,10,62,57.1,97,6.1,90.2,66.9,10,1
7,CeeDee Lamb,25,WR,15,15,152,101,1194,11.8,6,54,50,65,6.7,79.6,66.4,7.9,1
8,Garrett Wilson,24,WR,17,17,154,101,1104,10.9,7,60,53.9,42,5.9,64.9,65.6,7.2,2
9,Drake London,23,WR,17,17,158,100,1271,12.7,9,67,56.3,39,5.9,74.8,63.3,8,0
10,Jaxon Smith-Njigba,22,WR,17,16,137,100,1130,11.3,6,57,58.4,46,5.9,66.5,73,8.2,1
11,D.J. Moore,27,WR,17,17,140,98,966,9.9,6,43,47.1,44,5.8,56.8,70,6.9,1
12,Travis Kelce,35,TE,16,16,133,97,823,8.5,3,47,60.2,38,6.1,51.4,72.9,6.2,2
13,Wan'Dale Robinson,23,WR,17,7,140,93,699,7.5,3,36,42.1,35,5.5,41.1,66.4,5,0
14,Jerry Jeudy,25,WR,17,16,145,90,1229,13.7,4,57,53.8,89,5.3,72.3,62.1,8.5,0
15,Jonnu Smith,29,TE,17,6,111,88,884,10,8,55,63.1,57,5.2,52,79.3,8,2
16,Jakobi Meyers,28,WR,15,15,129,87,1027,11.8,4,52,55.8,43,5.8,68.5,67.4,8,0
17,Brian Thomas,22,WR,17,16,133,87,1282,14.7,10,53,55.6,85,5.1,75.4,65.4,9.6,0
18,Davante Adams,32,WR,14,14,141,85,1063,12.5,8,49,46.8,71,6.1,75.9,60.3,7.5,0
19,Davante Adams,32,WR,3,3,27,18,209,11.6,1,10,51.9,30,6,69.7,66.7,7.7,0
20,Davante Adams,32,WR,11,11,114,67,854,12.7,7,39,45.6,71,6.1,77.6,58.8,7.5,0
21,Ladd McConkey,23,WR,16,14,112,82,1149,14,7,52,57.1,60,5.1,71.8,73.2,10.3,2
22,Terry McLaurin,29,WR,17,17,117,82,1096,13.4,13,56,58.1,86,4.8,64.5,70.1,9.4,1
23,Tyreek Hill,30,WR,17,17,123,81,959,11.8,6,54,52,80,4.8,56.4,65.9,7.8,0
24,Courtland Sutton,29,WR,17,13,135,81,1081,13.3,8,57,53.3,47,4.8,63.6,60,8,1
25,Puka Nacua,23,WR,11,11,106,79,990,12.5,3,47,63.2,51,7.2,90,74.5,9.3,0
26,De'Von Achane,23,RB,17,16,87,78,592,7.6,6,30,57.5,39,4.6,34.8,89.7,6.8,1
27,George Kittle,31,TE,15,15,94,78,1106,14.2,8,50,73.4,43,5.2,73.7,83,11.8,0
28,Jauan Jennings,27,WR,15,10,113,77,975,12.7,6,47,54.9,45,5.1,65,68.1,8.6,1
29,Khalil Shakir,24,WR,15,9,100,76,821,10.8,4,35,53,52,5.1,54.7,76,8.2,1
30,Mike Evans,31,WR,14,14,110,74,1004,13.6,11,53,62.7,57,5.3,71.7,67.3,9.1,0
31,Zay Flowers,24,WR,17,15,116,74,1059,14.3,4,48,53.4,53,4.4,62.3,63.8,9.1,0
32,Tee Higgins,25,WR,12,9,109,73,911,12.5,10,48,64.2,42,6.1,75.9,67,8.4,1
33,Josh Downs,23,WR,14,8,107,72,803,11.2,5,40,53.3,69,5.1,57.4,67.3,7.5,0
34,Keenan Allen,32,WR,15,15,121,70,744,10.6,7,43,47.1,45,4.7,49.6,57.9,6.1,1
35,Michael Pittman Jr.,27,WR,16,14,111,69,808,11.7,3,35,50.5,33,4.3,50.5,62.2,7.3,1
36,Nico Collins,25,WR,12,12,99,68,1006,14.8,7,48,56.6,67,5.7,83.8,68.7,10.2,0
37,Alvin Kamara,29,RB,14,14,89,68,543,8,2,18,36,57,4.9,38.8,76.4,6.1,1
38,DeVonta Smith,26,WR,13,13,89,68,833,12.3,8,42,61.8,49,5.2,64.1,76.4,9.4,0
39,A.J. Brown,27,WR,13,13,97,67,1079,16.1,7,51,62.9,67,5.2,83,69.1,11.1,0
40,Cooper Kupp,31,WR,12,11,100,67,710,10.6,6,28,47,69,5.6,59.2,67,7.1,1
41,Demario Douglas,24,WR,17,7,87,66,621,9.4,3,31,51.7,36,3.9,36.5,75.9,7.1,1
42,Zach Ertz,34,TE,17,17,91,66,654,9.9,7,38,63.7,37,3.9,38.5,72.5,7.2,1
43,Hunter Henry,30,TE,16,16,97,66,674,10.2,2,40,56.7,35,4.1,42.1,68,6.9,0
44,D.K. Metcalf,27,WR,15,12,108,66,992,15,5,35,49.1,71,4.4,66.1,61.1,9.2,2
45,Pat Freiermuth,26,TE,17,11,78,65,653,10,7,32,62.8,30,3.8,38.4,83.3,8.4,3
46,Mike Gesicki,29,TE,17,3,83,65,665,10.2,2,38,62.7,47,3.8,39.1,78.3,8,1
47,Darnell Mooney,27,WR,16,16,106,64,992,15.5,5,48,51.9,49,4,62,60.4,9.4,0
48,David Njoku,28,TE,11,11,97,64,505,7.9,5,23,39.2,29,5.8,45.9,66,5.2,0
49,Calvin Ridley,30,WR,17,14,120,64,1017,15.9,4,40,44.2,63,3.8,59.8,53.3,8.5,1
50,Jordan Addison,22,WR,15,15,99,63,875,13.9,9,39,47.5,69,4.2,58.3,63.6,8.8,0
51,Marvin Harrison Jr.,22,WR,17,16,116,62,885,14.3,8,43,50,60,3.6,52.1,53.4,7.6,1
52,Ray-Ray McCloud,28,WR,17,13,87,62,686,11.1,1,29,51.7,60,3.6,40.4,71.3,7.9,4
53,Elijah Moore,24,WR,17,13,102,61,538,8.8,1,25,35.3,44,3.6,31.6,59.8,5.3,0
54,Bijan Robinson,22,RB,17,17,72,61,431,7.1,1,20,41.7,29,3.6,25.4,84.7,6,1
55,Sam LaPorta,23,TE,16,16,83,60,726,12.1,7,39,56.6,52,3.8,45.4,72.3,8.7,0
56,Jake Ferguson,25,TE,14,14,86,59,494,8.4,0,18,39.5,27,4.2,35.3,68.6,5.7,4
57,Cade Otton,25,TE,14,14,87,59,600,10.2,4,31,51.7,44,4.2,42.9,67.8,6.9,2
58,George Pickens,23,WR,14,12,103,59,900,15.3,3,37,44.7,44,4.2,64.3,57.3,8.7,1
59,Xavier Worthy,21,WR,17,13,98,59,638,10.8,6,36,56.1,54,3.5,37.5,60.2,6.5,0
60,Jaylen Waddle,26,WR,15,15,83,58,744,12.8,2,38,54.2,63,3.9,49.6,69.9,9,0
61,Jameson Williams,23,WR,15,11,91,58,1001,17.3,7,41,52.7,82,3.9,66.7,63.7,11,0
62,Breece Hall,23,RB,16,16,76,57,483,8.5,3,15,36.8,57,3.6,30.2,75,6.4,6
63,DeAndre Hopkins,32,WR,16,8,80,56,610,10.9,5,35,60,35,3.5,38.1,70,7.6,1
66,Mark Andrews,29,TE,17,13,69,55,673,12.2,11,39,68.1,67,3.2,39.6,79.7,9.8,0
67,Quentin Johnston,23,WR,15,11,91,55,711,12.9,8,32,50.5,66,3.7,47.4,60.4,7.8,0
68,Jayden Reed,24,WR,17,10,75,55,857,15.6,6,29,56,70,3.2,50.4,73.3,11.4,3
69,Chase Brown,24,RB,16,10,65,54,360,6.7,4,23,52.3,34,3.4,22.5,83.1,5.5,2
70,Rome Odunze,22,WR,17,12,101,54,734,13.6,3,37,45.5,47,3.2,43.2,53.5,7.3,2
71,Dalton Schultz,28,TE,17,13,85,53,532,10,2,26,49.4,32,3.1,31.3,62.4,6.3,0
72,Jahmyr Gibbs,22,RB,17,4,63,52,517,9.9,4,25,55.6,54,3.1,30.4,82.5,8.2,1
73,Chigoziem Okonkwo,25,TE,17,11,70,52,479,9.2,2,19,55.7,70,3.1,28.2,74.3,6.8,2
74,Javonte Williams,24,RB,17,11,70,52,346,6.7,0,14,37.1,34,3.1,20.4,74.3,4.9,2
75,Tyler Conklin,29,TE,16,15,72,51,449,8.8,4,24,52.8,27,3.2,28.1,70.8,6.2,0
76,Tank Dell,25,WR,14,10,81,51,667,13.1,3,35,53.1,50,3.6,47.6,63,8.2,0
77,Aaron Jones,30,RB,17,17,62,51,408,8,2,20,58.1,25,3,24,82.3,6.6,5
78,Deebo Samuel,28,WR,15,15,81,51,670,13.1,3,28,40.7,76,3.4,44.7,63,8.3,2
79,Rachaad White,25,RB,16,15,57,51,393,7.7,6,18,54.4,32,3.2,24.6,89.5,6.9,3
80,Will Dissly,28,TE,15,8,64,50,481,9.6,2,24,54.7,29,3.3,32.1,78.1,7.5,0
81,Chris Godwin,28,WR,7,7,62,50,576,11.5,5,33,72.6,55,7.1,82.3,80.6,9.3,1
82,Juwan Johnson,28,TE,17,5,66,50,548,11,3,27,56.1,30,2.9,32.2,75.8,8.3,2
83,Tucker Kraft,24,TE,17,17,70,50,707,14.1,7,30,58.6,67,2.9,41.6,71.4,10.1,1
84,Xavier Legette,23,WR,16,13,84,49,497,10.1,4,27,44,35,3.1,31.1,58.3,5.9,0
85,Tyler Lockett,32,WR,17,14,74,49,600,12.2,2,36,56.8,37,2.9,35.3,66.2,8.1,0
86,Jalen Tolbert,25,WR,17,15,79,49,610,12.4,7,29,51.9,48,2.9,35.9,62,7.7,0
87,Noah Fant,27,TE,14,9,64,48,500,10.4,1,25,57.8,32,3.4,35.7,75,7.8,0
88,Adam Thielen,34,WR,10,10,62,48,615,12.8,5,28,58.1,40,4.8,61.5,77.4,9.9,0
89,James Conner,29,RB,16,16,55,47,414,8.8,1,17,56.4,44,2.9,25.9,85.5,7.5,4
90,Stefon Diggs,31,WR,8,8,64,47,496,10.6,3,31,51.6,49,5.9,62,73.4,7.8,0
91,Evan Engram,30,TE,9,9,64,47,365,7.8,1,17,45.3,24,5.2,40.6,73.4,5.7,1
92,Bucky Irving,22,RB,17,3,52,47,392,8.3,0,16,65.4,42,2.8,23.1,90.4,7.5,2
93,Cole Kmet,25,TE,17,16,55,47,474,10.1,4,25,70.9,31,2.8,27.9,85.5,8.6,0
94,Kyle Pitts,24,TE,17,15,74,47,602,12.8,4,21,41.9,52,2.8,35.4,63.5,8.1,0
95,Tre Tucker,23,WR,17,14,81,47,539,11.5,3,24,43.2,58,2.8,31.7,58,6.7,0
96,Michael Wilson,24,WR,16,13,71,47,548,11.7,4,27,56.3,41,2.9,34.3,66.2,7.7,1
97,Romeo Doubs,24,WR,13,12,72,46,601,13.1,4,33,59.7,39,3.5,46.2,63.9,8.3,0
98,Kenneth Walker III,24,RB,11,11,53,46,299,6.5,1,19,54.7,21,4.2,27.2,86.8,5.6,1
99,Rashod Bateman,25,WR,17,14,72,45,756,16.8,9,35,52.8,59,2.6,44.5,62.5,10.5,0
100,Austin Hooper,30,TE,17,8,59,45,476,10.6,3,25,62.7,38,2.6,28,76.3,8.1,2
101,Olamide Zaccheaus,27,WR,17,6,64,45,506,11.2,3,26,51.6,49,2.6,29.8,70.3,7.9,3
102,Dalton Kincaid,25,TE,13,9,75,44,448,10.2,2,23,53.3,29,3.4,34.5,58.7,6,1
103,Amari Cooper,30,WR,14,10,85,44,547,12.4,4,25,42.4,30,3.1,39.1,51.8,6.4,0
106,Kayshon Boutte,22,WR,15,13,68,43,589,13.7,3,25,55.9,48,2.9,39.3,63.2,8.7,0
107,Chuba Hubbard,25,RB,15,15,54,43,171,4,1,10,31.5,20,2.9,11.4,79.6,3.2,4
108,Tutu Atwell,25,WR,17,5,62,42,562,13.4,0,29,59.7,50,2.5,33.1,67.7,9.1,0
109,Zach Charbonnet,23,RB,17,6,52,42,340,8.1,1,6,40.4,32,2.5,20,80.8,6.5,0
110,Dallas Goedert,29,TE,10,10,52,42,496,11.8,2,20,55.8,61,4.2,49.6,80.8,9.5,2
111,Justice Hill,27,RB,15,0,51,42,383,9.1,3,17,49,27,2.8,25.5,82.4,7.5,0
112,Isaiah Likely,24,TE,16,9,58,42,477,11.4,6,26,60.3,49,2.6,29.8,72.4,8.2,1
113,D'Andre Swift,25,RB,17,17,52,42,386,9.2,0,12,51.9,42,2.5,22.7,80.8,7.4,2
114,T.J. Hockenson,27,TE,10,9,62,41,455,11.1,0,30,54.8,34,4.1,45.5,66.1,7.3,0
115,Tony Pollard,27,RB,16,16,57,41,238,5.8,0,9,29.8,30,2.6,14.9,71.9,4.2,2
116,Devaughn Vele,27,WR,13,7,55,41,475,11.6,3,26,63.6,37,3.2,36.5,74.5,8.6,0
117,Ameer Abdullah,31,RB,16,3,47,40,261,6.5,3,16,59.6,24,2.5,16.3,85.1,5.6,2
118,Jordan Akins,32,TE,17,6,58,40,390,9.8,2,20,51.7,21,2.4,22.9,69,6.7,1
119,Noah Gray,25,TE,17,10,49,40,437,10.9,5,25,67.3,35,2.4,25.7,81.6,8.9,0
120,Brenton Strange,24,TE,17,10,53,40,411,10.3,2,21,66,30,2.4,24.2,75.5,7.8,1
121,Tyler Boyd,30,WR,16,8,57,39,390,10,0,20,49.1,40,2.4,24.4,68.4,6.8,0
122,Rico Dowdle,26,RB,16,15,49,39,249,6.4,3,13,53.1,22,2.4,15.6,79.6,5.1,3
123,Travis Etienne,25,RB,15,15,52,39,254,6.5,0,13,38.5,26,2.6,16.9,75,4.9,1
124,Marvin Mims,22,WR,17,2,52,39,503,12.9,6,14,48.1,93,2.3,29.6,75,9.7,1
125,Josh Palmer,25,WR,15,7,65,39,584,15,1,28,53.8,45,2.6,38.9,60,9,0
126,Darius Slayton,27,WR,16,13,71,39,573,14.7,2,30,50.7,43,2.4,35.8,54.9,8.1,1
127,Dontayvion Wicks,23,WR,17,5,76,39,415,10.6,5,25,39.5,36,2.3,24.4,51.3,5.5,0
128,Tyrone Tracy Jr.,25,RB,17,12,53,38,284,7.5,1,13,47.2,19,2.2,16.7,71.7,5.4,5
129,Jaylen Warren,26,RB,15,0,47,38,310,8.2,0,16,46.8,29,2.5,20.7,80.9,6.6,2
130,Greg Dortch,26,WR,17,4,50,37,342,9.2,3,16,50,39,2.2,20.1,74,6.8,3
131,Jerome Ford,25,RB,14,6,43,37,225,6.1,0,10,37.2,26,2.6,16.1,86,5.2,0
132,Allen Lazard,29,WR,12,10,60,37,530,14.3,6,29,58.3,52,3.1,44.2,61.7,8.8,0
133,Jalen McMillan,23,WR,13,12,58,37,461,12.5,8,23,55.2,33,2.8,35.5,63.8,7.9,0
134,Alec Pierce,24,WR,16,13,69,37,824,22.3,7,32,52.2,65,2.3,51.5,53.6,11.9,0
135,Calvin Austin III,25,WR,17,8,58,36,548,15.2,4,18,53.4,55,2.1,32.2,62.1,9.4,1
136,Najee Harris,26,RB,17,17,48,36,283,7.9,0,13,45.8,32,2.1,16.6,75,5.9,0
137,Andrei Iosivas,25,WR,17,8,61,36,479,13.3,6,26,55.7,39,2.1,28.2,59,7.9,0
138,Josh Jacobs,26,RB,17,17,43,36,342,9.5,1,15,53.5,49,2.1,20.1,83.7,8,4
139,Alexander Mattison,26,RB,14,7,48,36,294,8.2,1,13,35.4,31,2.6,21,75,6.1,1
140,Joe Mixon,28,RB,14,14,52,36,309,8.6,1,12,53.8,37,2.6,22.1,69.2,5.9,0
141,David Montgomery,27,RB,14,14,38,36,341,9.5,0,16,73.7,40,2.6,24.4,94.7,9,2
142,Noah Brown,28,WR,11,9,56,35,453,12.9,1,21,57.1,52,3.2,41.2,62.5,8.1,0
143,Austin Ekeler,29,RB,12,6,41,35,366,10.5,0,14,53.7,34,2.9,30.5,85.4,8.9,3
144,Kyren Williams,24,RB,16,16,40,34,182,5.4,2,6,45,26,2.1,11.4,85,4.6,5
145,Saquon Barkley,27,RB,16,16,43,33,278,8.4,2,12,44.2,43,2.1,17.4,76.7,6.5,2
146,Tim Patrick,31,WR,16,9,44,33,394,11.9,3,20,56.8,42,2.1,24.6,75,9,0
147,Ja'Tavion Sanders,21,TE,16,8,43,33,342,10.4,1,13,51.2,46,2.1,21.4,76.7,8,1
148,Rhamondre Stevenson,26,RB,15,14,41,33,168,5.1,1,8,39,16,2.2,11.2,80.5,4.1,7
149,Diontae Johnson,28,WR,12,8,67,33,375,11.4,3,21,37.3,39,2.8,31.3,49.3,5.6,0
153,Jalen Coker,23,WR,11,4,46,32,478,14.9,2,23,58.7,83,2.9,43.5,69.6,10.4,0
154,James Cook,25,RB,16,16,38,32,258,8.1,2,14,50,28,2,16.1,84.2,6.8,1
155,J.K. Dobbins,26,RB,13,11,38,32,153,4.8,0,6,26.3,15,2.5,11.8,84.2,4,0
156,David Moore,29,WR,17,5,57,32,351,11,3,18,49.1,21,1.9,20.6,56.1,6.2,0
157,Foster Moreau,27,TE,17,17,43,32,413,12.9,5,21,60.5,41,1.9,24.3,74.4,9.6,0
158,Chris Olave,24,WR,8,8,44,32,400,12.5,1,22,65.9,39,4,50,72.7,9.1,1
159,Sterling Shepard,31,WR,14,5,51,32,334,10.4,1,16,49,30,2.3,23.9,62.7,6.5,0
160,Parker Washington,22,WR,17,7,51,32,390,12.2,3,19,52.9,30,1.9,22.9,62.7,7.6,2
161,Nick Westbrook-Ikhine,27,WR,17,9,60,32,497,15.5,9,25,46.7,98,1.9,29.2,53.3,8.3,0
162,Mack Hollins,31,WR,17,13,50,31,378,12.2,5,25,58,44,1.8,22.2,62,7.6,0
163,Lil'Jordan Humphrey,26,WR,17,7,45,31,293,9.5,1,12,46.7,41,1.8,17.2,68.9,6.5,2
164,Ricky Pearsall,24,WR,11,4,46,31,400,12.9,3,19,56.5,46,2.8,36.4,67.4,8.7,0
165,Demarcus Robinson,30,WR,17,17,64,31,505,16.3,7,27,46.9,46,1.8,29.7,48.4,7.9,0
166,Curtis Samuel,28,WR,14,2,46,31,253,8.2,1,9,37,38,2.2,18.1,67.4,5.5,0
167,KaVontae Turpin,28,WR,17,2,52,31,420,13.5,2,18,48.1,64,1.8,24.7,59.6,8.1,3
168,AJ Barner,22,TE,17,6,38,30,245,8.2,4,18,63.2,20,1.8,14.4,78.9,6.4,0
169,Dyami Brown,25,WR,16,3,40,30,308,10.3,1,13,47.5,51,1.9,19.3,75,7.7,1
170,Colby Parkinson,25,TE,17,9,49,30,294,9.8,1,15,53.1,23,1.8,17.3,61.2,6,0
171,Tyjae Spears,23,RB,12,1,35,30,224,7.5,1,9,40,43,2.5,18.7,85.7,6.4,1
172,Keon Coleman,21,WR,13,12,57,29,556,19.2,4,22,43.9,64,2.2,42.8,50.9,9.8,0
173,Theo Johnson,23,TE,12,11,43,29,331,11.4,1,16,51.2,35,2.4,27.6,67.4,7.7,0
174,Cedric Tillman,24,WR,11,6,49,29,339,11.7,3,15,49,38,2.6,30.8,59.2,6.9,1
175,Christian Watson,25,WR,15,15,53,29,620,21.4,2,21,47.2,60,1.9,41.3,54.7,11.7,1
176,Kendrick Bourne,29,WR,12,9,38,28,305,10.9,1,13,55.3,37,2.3,25.4,73.7,8,0
177,Troy Franklin,21,WR,16,6,53,28,263,9.4,2,11,35.8,30,1.8,16.4,52.8,5,0
178,Jalen Nailor,25,WR,17,7,42,28,414,14.8,6,22,59.5,33,1.6,24.4,66.7,9.9,1
179,Samaje Perine,29,RB,17,0,35,28,322,11.5,1,15,51.4,36,1.6,18.9,80,9.2,0
180,Josh Whyle,25,TE,17,4,37,28,248,8.9,1,14,51.4,33,1.6,14.6,75.7,6.7,0
181,Christian Kirk,28,WR,8,7,47,27,379,14,1,18,48.9,61,3.4,47.4,57.4,8.1,0
182,Luke Schoonmaker,26,TE,17,6,36,27,241,8.9,1,11,55.6,24,1.6,14.2,75,6.7,0
183,Brandin Cooks,31,WR,10,9,54,26,259,10,3,19,44.4,29,2.6,25.9,48.1,4.8,0
184,Tyler Johnson,26,WR,15,2,41,26,291,11.2,1,10,43.9,63,1.7,19.4,63.4,7.1,0
185,Malik Washington,23,WR,14,3,36,26,223,8.6,0,13,55.6,20,1.9,15.9,72.2,6.2,1
186,Brandon Aiyuk,26,WR,7,7,47,25,374,15,0,19,48.9,53,3.6,53.4,53.2,8,0
187,Grant Calcaterra,26,TE,17,13,30,24,298,12.4,1,15,63.3,34,1.4,17.5,80,9.9,0
188,Van Jefferson,28,WR,17,12,40,24,276,11.5,2,12,47.5,43,1.4,16.2,60,6.9,0
189,Jaleel McLaughlin,24,RB,16,5,27,24,76,3.2,2,3,33.3,11,1.5,4.8,88.9,2.8,1
190,John Metchie,24,WR,13,3,37,24,254,10.6,1,11,48.6,28,1.8,19.5,64.9,6.9,1
191,Rashee Rice,24,WR,4,4,29,24,288,12,2,15,65.5,44,6,72,82.8,9.9,0
192,Miles Sanders,27,RB,11,2,30,24,148,6.2,1,5,23.3,33,2.2,13.5,80,4.9,1
193,Antonio Gibson,26,RB,17,3,29,23,206,9,0,11,51.7,50,1.4,12.1,79.3,7.1,2
194,Taysom Hill,34,TE,8,8,31,23,187,8.1,0,8,48.4,34,2.9,23.4,74.2,6,1
195,Kareem Hunt,29,RB,13,8,32,23,176,7.7,0,10,53.1,26,1.8,13.5,71.9,5.5,0
196,Adonai Mitchell,22,WR,17,7,55,23,312,13.6,0,16,36.4,36,1.4,18.4,41.8,5.7,2
197,Zack Moss,27,RB,8,6,27,23,187,8.1,1,11,63,21,2.9,23.4,85.2,6.9,2
198,Tommy Tremble,24,TE,12,11,32,23,234,10.2,2,12,50,38,1.9,19.5,71.9,7.3,1
199,Dawson Knox,28,TE,16,13,33,22,311,14.1,1,12,63.6,39,1.4,19.4,66.7,9.4,0
200,Josh Oliver,27,TE,15,12,28,22,258,11.7,3,14,67.9,28,1.5,17.2,78.6,9.2,0
201,Justin Watson,28,WR,17,7,32,22,289,13.1,2,13,56.3,49,1.3,17,68.8,9,0
202,Jordan Whittington,24,WR,15,3,28,22,293,13.3,0,14,75,50,1.5,19.5,78.6,10.5,0
203,Michael Mayer,23,TE,11,8,32,21,156,7.4,0,8,53.1,29,1.9,14.2,65.6,4.9,0
204,Devin Singletary,27,RB,15,5,24,21,119,5.7,0,4,45.8,23,1.4,7.9,87.5,5,2
205,Mike Williams,30,WR,18,5,34,21,298,14.2,1,14,50,32,1.2,16.6,61.8,8.8,0
208,Erick All,24,TE,9,6,22,20,158,7.9,0,8,63.6,28,2.2,17.6,90.9,7.2,0
209,Gabriel Davis,25,WR,10,9,42,20,239,12,2,13,40.5,22,2,23.9,47.6,5.7,1
210,Elijah Higgins,24,TE,17,6,24,20,172,8.6,2,10,70.8,23,1.2,10.1,83.3,7.2,0
211,Brian Robinson Jr.,25,RB,14,13,25,20,159,8,0,4,44,32,1.4,11.4,80,6.4,2
212,Drew Sample,28,TE,17,15,22,20,109,5.5,1,8,63.6,12,1.2,6.4,90.9,5,1
213,Rashid Shaheed,26,WR,6,5,41,20,349,17.5,3,12,41.5,70,3.3,58.2,48.8,8.5,1
214,Cedrick Wilson Jr.,29,WR,15,4,27,20,211,10.6,1,8,48.1,25,1.3,14.1,74.1,7.8,1
215,Robert Woods,32,WR,15,4,30,20,203,10.2,0,12,50,32,1.3,13.5,66.7,6.8,3
216,Braelon Allen,20,RB,17,2,27,19,148,7.8,1,8,51.9,15,1.1,8.7,70.4,5.5,0
217,Jahan Dotson,24,WR,17,6,33,19,216,11.4,0,12,48.5,36,1.1,12.7,57.6,6.5,0
218,Derrick Henry,30,RB,17,17,22,19,193,10.2,2,11,68.2,27,1.1,11.4,86.4,8.8,3
219,Tanner Hudson,30,TE,11,0,23,19,154,8.1,1,9,65.2,19,1.7,14,82.6,6.7,1
220,Kyle Juszczyk,33,FB,17,15,31,19,200,10.5,2,8,48.4,36,1.1,11.8,61.3,6.5,1
221,Lucas Krull,26,TE,13,2,23,19,152,8,0,7,47.8,23,1.5,11.7,82.6,6.6,0
222,Raheem Mostert,32,RB,13,1,23,19,161,8.5,0,10,52.2,25,1.5,12.4,82.6,7,2
223,Johnny Mundt,30,TE,17,3,27,19,142,7.5,2,8,44.4,20,1.1,8.4,70.4,5.3,0
224,Dare Ogunbowale,30,RB,17,1,28,19,198,10.4,1,8,35.7,31,1.1,11.6,67.9,7.1,0
225,Darnell Washington,23,TE,17,9,25,19,200,10.5,1,9,68,29,1.1,11.8,76,8,0
226,Marquez Valdes-Scantling,30,WR,14,8,44,19,411,21.6,4,14,36.4,71,1.4,29.4,43.2,9.3,0
229,Ty Johnson,27,RB,17,1,25,18,284,15.8,3,14,60,41,1.1,16.7,72,11.4,0
230,Luke McCaffrey,23,WR,17,4,24,18,168,9.3,0,8,50,30,1.1,9.9,75,7,0
231,Jeremy Ruckert,24,TE,17,9,28,18,105,5.8,0,6,42.9,12,1.1,6.2,64.3,3.8,0
232,JuJu Smith-Schuster,28,WR,14,8,26,18,231,12.8,2,11,53.8,50,1.3,16.5,69.2,8.9,0
233,Jonathan Taylor,25,RB,14,13,31,18,136,7.6,1,7,32.3,25,1.3,9.7,58.1,4.4,4
234,Ray Davis,25,RB,17,0,19,17,189,11.1,3,8,63.2,63,1,11.1,89.5,9.9,0
235,Kalif Raymond,30,WR,12,2,22,17,215,12.6,2,10,59.1,38,1.4,17.9,77.3,9.8,0
236,Nick Vannett,31,TE,17,10,20,17,135,7.9,3,7,75,24,1,7.9,85,6.8,0
237,Jonathan Mingo,23,WR,17,6,42,17,167,9.8,0,6,28.6,35,1,9.8,40.5,4,1
240,Emari Demercado,25,RB,13,0,20,16,104,6.5,0,3,35,24,1.2,8,80,5.2,0
241,Kenneth Gainwell,25,RB,17,1,22,16,116,7.3,0,5,40.9,16,0.9,6.8,72.7,5.3,0
242,Roschon Johnson,23,RB,14,0,20,16,104,6.5,0,6,40,17,1.1,7.4,80,5.2,0
243,Trey Sermon,25,RB,17,3,19,16,99,6.2,0,3,31.6,14,0.9,5.8,84.2,5.2,0
244,Stone Smartt,26,TE,15,2,19,16,208,13,0,11,68.4,31,1.1,13.9,84.2,10.9,1
245,DJ Turner,27,WR,12,6,29,16,158,9.9,1,9,37.9,30,1.3,13.2,55.2,5.4,1
246,Isaac Guerendo,24,RB,16,3,16,15,152,10.1,0,7,56.3,40,0.9,9.5,93.8,9.5,3
247,Christian McCaffrey,28,RB,4,4,19,15,146,9.7,0,6,52.6,30,3.8,36.5,78.9,7.7,1
248,Cade Stover,24,TE,15,9,22,15,133,8.9,1,5,40.9,27,1,8.9,68.2,6,0
249,Nate Adkins,25,TE,17,10,15,14,115,8.2,3,6,73.3,16,0.8,6.8,93.3,7.7,0
250,Nelson Agholor,31,WR,14,7,29,14,231,16.5,2,10,37.9,56,1,16.5,48.3,8,0
251,Daniel Bellinger,24,TE,17,8,17,14,125,8.9,0,8,64.7,17,0.8,7.4,82.4,7.4,0
252,Kylen Granson,26,TE,17,6,31,14,182,13,0,8,38.7,40,0.8,10.7,45.2,5.9,0
253,Pierre Strong,26,RB,14,0,22,14,104,7.4,0,3,22.7,21,1,7.4,63.6,4.7,0
254,Mason Tipton,24,WR,11,1,26,14,99,7.1,0,2,26.9,15,1.3,9,53.8,3.8,0
255,Cam Akers,25,RB,17,2,18,14,68,4.9,3,4,33.3,9,0.8,4,77.8,3.8,1
258,Tyler Allgeier,24,RB,17,0,13,13,88,6.8,0,2,46.2,13,0.8,5.2,100,6.8,0
259,Jake Bobo,26,WR,17,3,17,13,107,8.2,1,8,58.8,15,0.8,6.3,76.5,6.3,0
260,Derius Davis,24,WR,15,2,17,13,112,8.6,2,5,52.9,23,0.9,7.5,76.5,6.6,3
261,Adam Trautman,27,TE,17,14,22,13,188,14.5,2,8,40.9,37,0.8,11.1,59.1,8.5,0
262,Brock Wright,26,TE,17,8,16,13,100,7.7,2,7,68.8,16,0.8,5.9,81.3,6.3,0
263,Josh Reynolds,29,WR,9,2,24,13,194,14.9,1,8,45.8,49,1.4,21.6,54.2,8.1,0
266,Mo Alie-Cox,31,TE,17,13,22,12,147,12.3,1,7,54.5,22,0.7,8.6,54.5,6.7,0
267,Jalen Brooks,24,WR,14,1,30,12,177,14.8,1,8,33.3,41,0.9,12.6,40,5.9,0
268,Ezekiel Elliott,29,RB,15,2,15,12,69,5.8,0,3,46.7,15,0.8,4.6,80,4.6,1
269,Luke Farrell,27,TE,17,8,17,12,67,5.6,0,4,52.9,11,0.7,3.9,70.6,3.9,0
270,Mecole Hardman,26,WR,12,0,14,12,90,7.5,0,6,57.1,17,1,7.5,85.7,6.4,0
271,Julian Hill,24,TE,16,11,19,12,100,8.3,0,5,52.6,17,0.8,6.3,63.2,5.3,1
272,Xavier Hutchinson,24,WR,16,3,26,12,117,9.8,0,6,34.6,19,0.8,7.3,46.2,4.5,0
273,D'Ernest Johnson,28,RB,14,1,19,12,96,8,0,3,26.3,26,0.9,6.9,63.2,5.1,0
274,Hunter Luepke,24,RB,16,4,16,12,111,9.3,0,5,50,24,0.8,6.9,75,6.9,0
275,Ryan Miller,24,WR,11,3,20,12,128,10.7,2,7,45,39,1.1,11.6,60,6.4,0
276,Jordan Mims,25,RB,11,0,18,12,71,5.9,0,4,22.2,25,1.1,6.5,66.7,3.9,0
277,Isiah Pacheco,25,RB,7,6,16,12,79,6.6,0,4,37.5,23,1.7,11.3,75,4.9,0
278,Trey Palmer,23,WR,15,3,22,12,172,14.3,1,7,40.9,27,0.8,11.5,54.5,7.8,1
279,Cordarrelle Patterson,33,RB,13,1,14,12,80,6.7,1,5,50,20,0.9,6.2,85.7,5.7,1
280,Dante Pettis,29,WR,8,0,28,12,120,10,1,8,35.7,20,1.5,15,42.9,4.3,0
281,Ja'Lynn Polk,22,WR,15,7,33,12,87,7.3,2,4,24.2,21,0.8,5.8,36.4,2.6,0
282,Kevin Austin,24,WR,8,2,22,11,151,13.7,0,10,45.5,23,1.4,18.9,50,6.9,1
283,Chris Brooks,24,RB,15,0,13,11,69,6.3,0,2,46.2,15,0.7,4.6,84.6,5.3,0
284,Michael Carter,25,RB,3,1,11,11,57,5.2,0,2,63.6,18,3.7,19,100,5.2,0
285,Payne Durham,24,TE,16,6,14,11,115,10.5,2,5,71.4,31,0.7,7.2,78.6,8.2,1
286,Devin Duvernay,27,WR,13,1,16,11,79,7.2,0,7,50,28,0.8,6.1,68.8,4.9,1
287,Tyler Goodson,24,RB,16,0,15,11,61,5.5,1,3,33.3,24,0.7,3.8,73.3,4.1,0
288,Alec Ingold,28,FB,15,10,12,11,96,8.7,0,3,66.7,25,0.7,6.4,91.7,8,2
289,Jordan Mason,25,RB,12,6,14,11,91,8.3,0,5,64.3,24,0.9,7.6,78.6,6.5,3
290,Eric Saubert,30,TE,17,3,14,11,97,8.8,1,5,57.1,17,0.6,5.7,78.6,6.9,1
291,Tylan Wallace,25,WR,17,0,12,11,193,17.5,1,5,66.7,84,0.6,11.4,91.7,16.1,1
292,Emanuel Wilson,25,RB,17,0,14,11,48,4.4,1,3,21.4,30,0.6,2.8,78.6,3.4,0
293,Michael Burton,32,FB,17,2,10,10,65,6.5,1,3,60,28,0.6,3.8,100,6.5,0
294,Ryan Flournoy,25,WR,11,1,14,10,102,10.2,0,5,57.1,26,0.9,9.3,71.4,7.3,1
295,Eric Gray,25,RB,17,0,11,10,82,8.2,0,3,54.5,19,0.6,4.8,90.9,7.5,3
296,Jamycal Hasty,28,RB,15,0,12,10,59,5.9,1,2,41.7,16,0.7,3.9,83.3,4.9,0
297,Malik Heath,24,WR,13,1,13,10,97,9.7,2,5,69.2,41,0.8,7.5,76.9,7.5,0
298,Khalil Herbert,26,RB,14,1,11,10,25,2.5,0,0,27.3,7,0.7,1.8,90.9,2.3,1
301,Odell Beckham Jr.,32,WR,9,0,18,9,55,6.1,0,3,27.8,11,1,6.1,50,3.1,0
302,Marquise Brown,27,WR,2,1,15,9,91,10.1,0,5,40,20,4.5,45.5,60,6.1,0
303,Harrison Bryant,26,TE,13,3,12,9,86,9.6,0,5,66.7,18,0.7,6.6,75,7.2,0
304,DeAndre Carter,31,WR,13,0,14,9,72,8,0,3,35.7,14,0.7,5.5,64.3,5.1,1
305,Jamison Crowder,31,WR,6,1,13,9,72,8,2,4,38.5,12,1.5,12,69.2,5.5,2
306,Isaiah Davis,22,RB,17,0,12,9,75,8.3,1,4,41.7,24,0.5,4.4,75,6.3,0
307,Rakim Jarrett,23,WR,10,2,11,9,124,13.8,0,5,72.7,30,0.9,12.4,81.8,11.3,0
308,Charlie Kolar,25,TE,13,3,11,9,131,14.6,1,4,72.7,55,0.7,10.1,81.8,11.9,0
309,Jeremy McNichols,29,RB,17,1,12,9,27,3,0,1,25,10,0.5,1.6,75,2.3,0
310,Bub Means,23,WR,7,1,15,9,118,13.1,1,7,53.3,36,1.3,16.9,60,7.9,0
311,Andrew Ogletree,26,TE,17,6,14,9,109,12.1,1,6,42.9,22,0.5,6.4,64.3,7.8,0
312,Durham Smythe,29,TE,17,4,17,9,53,5.9,0,1,35.3,8,0.5,3.1,52.9,3.1,0
313,Brevyn Spann-Ford,25,TE,17,0,14,9,88,9.8,0,6,57.1,18,0.5,5.2,64.3,6.3,0
314,Sean Tucker,23,RB,17,0,12,9,109,12.1,1,6,75,36,0.5,6.4,75,9.1,1
315,Jamaal Williams,29,RB,14,1,11,9,57,6.3,0,3,54.5,13,0.6,4.1,81.8,5.2,0
316,John Bates,27,TE,17,6,13,8,84,10.5,0,3,53.8,20,0.5,4.9,61.5,6.5,1
317,Pharaoh Brown,30,TE,15,7,12,8,65,8.1,0,2,41.7,17,0.5,4.3,66.7,5.4,1
318,Gerald Everett,30,TE,17,4,13,8,36,4.5,0,1,23.1,17,0.5,2.1,61.5,2.8,0
319,Tyler Higbee,31,TE,3,3,12,8,66,8.3,2,5,58.3,17,2.7,22,66.7,5.5,0
320,Hayden Hurst,31,TE,9,2,13,8,73,9.1,0,2,38.5,27,0.9,8.1,61.5,5.6,0
321,Jalin Hyatt,23,WR,16,3,19,8,62,7.8,0,3,31.6,19,0.5,3.9,42.1,3.3,0
322,Zay Jones,29,WR,11,2,11,8,84,10.5,0,5,63.6,25,0.7,7.6,72.7,7.6,0
323,Bo Melton,25,WR,17,0,17,8,91,11.4,0,5,41.2,28,0.5,5.4,47.1,5.4,0
324,Trent Sherfield,28,WR,17,1,9,8,83,10.4,1,4,88.9,17,0.5,4.9,88.9,9.2,0
325,Tank Bigsby,23,RB,16,1,12,7,54,7.7,0,1,25,28,0.4,3.4,58.3,4.5,4
326,Blake Corum,24,RB,17,1,8,7,58,8.3,0,5,87.5,12,0.4,3.4,87.5,7.3,0
327,Britain Covey,27,WR,5,1,8,7,34,4.9,0,2,37.5,11,1.4,6.8,87.5,4.3,0
328,River Cracraft,30,WR,8,0,9,7,66,9.4,0,4,55.6,16,0.9,8.3,77.8,7.3,0
329,Tucker Fisk,25,TE,9,5,8,7,39,5.6,0,1,62.5,10,0.8,4.3,87.5,4.9,0
330,KhaDarel Hodge,29,WR,17,2,12,7,131,18.7,1,6,50,45,0.4,7.7,58.3,10.9,0
331,Hunter Long,26,TE,17,2,9,7,60,8.6,0,2,77.8,18,0.4,3.5,77.8,6.7,0
332,Luke Musgrave,24,TE,7,3,10,7,45,6.4,0,2,30,19,1,6.4,70,4.5,0
333,K.J. Osborn,27,WR,7,4,18,7,57,8.1,1,2,27.8,22,1,8.1,38.9,3.2,0
334,Brandon Powell,29,WR,17,1,10,7,71,10.1,0,5,50,13,0.4,4.2,70,7.1,1
335,Jalen Reagor,25,WR,8,2,12,7,100,14.3,0,3,33.3,41,0.9,12.5,58.3,8.3,1
336,Ainias Smith,23,WR,7,1,9,7,41,5.9,1,1,33.3,15,1,5.9,77.8,4.6,0
337,Carson Steele,22,RB,17,3,11,7,26,3.7,0,0,18.2,9,0.4,1.5,63.6,2.4,3
338,Charlie Woerner,27,TE,16,5,12,7,46,6.6,0,3,33.3,13,0.4,2.9,58.3,3.8,0
339,Michael Woods II,24,WR,5,2,17,7,65,9.3,0,4,29.4,16,1.4,13,41.2,3.8,0
340,Davis Allen,23,TE,15,5,13,6,39,6.5,0,2,38.5,13,0.4,2.6,46.2,3,0
341,Trey Benson,21,RB,13,1,6,6,59,9.8,0,3,100,19,0.5,4.5,100,9.8,1
342,Parris Campbell,27,WR,5,0,8,6,30,5,1,1,50,7,1.2,6,75,3.8,0
343,Ty Chandler,26,RB,17,0,6,6,42,7,0,2,66.7,10,0.4,2.5,100,7,0
344,Chris Conley,32,WR,15,2,12,6,76,12.7,0,3,50,23,0.4,5.1,50,6.3,0
345,Simi Fehoko,27,WR,8,2,16,6,106,17.7,0,6,37.5,30,0.8,13.3,37.5,6.6,0
346,D'Onta Foreman,28,RB,11,3,8,6,54,9,0,1,37.5,16,0.5,4.9,75,6.8,2
347,Xavier Gipson,23,WR,17,0,10,6,39,6.5,1,3,30,17,0.4,2.3,60,3.9,4
348,Connor Heyward,25,TE,17,5,8,6,40,6.7,1,3,62.5,16,0.4,2.4,75,5,0
349,Sincere McCormick,24,RB,5,2,7,6,29,4.8,0,2,42.9,15,1.2,5.8,85.7,4.1,0
350,Bryce Oliver,24,WR,10,1,9,6,95,15.8,0,4,66.7,33,0.6,9.5,66.7,10.6,0
351,MyCole Pruitt,32,TE,12,5,10,6,40,6.7,1,2,40,18,0.5,3.3,60,4,0
352,Tip Reiman,23,TE,17,9,7,6,37,6.2,0,1,57.1,14,0.4,2.2,85.7,5.3,0
353,Zamir White,25,RB,8,5,8,6,30,5,0,2,25,14,0.8,3.8,75,3.8,2
354,Blake Whiteheart,24,TE,11,2,9,6,51,8.5,1,2,55.6,29,0.5,4.6,66.7,5.7,0
355,Nick Chubb,29,RB,8,8,11,5,31,6.2,1,3,27.3,19,0.6,3.9,45.5,2.8,1
356,Devin Culp,24,TE,5,0,6,5,88,17.6,0,4,66.7,26,1,17.6,83.3,14.7,0
357,Greg Dulcich,24,TE,4,3,12,5,28,5.6,0,0,8.3,9,1.3,7,41.7,2.3,0
358,Audric Estime,21,RB,13,1,5,5,27,5.4,0,2,40,13,0.4,2.1,100,5.4,2
359,Cam Grandy,24,TE,8,6,5,5,28,5.6,0,1,60,9,0.6,3.5,100,5.6,0
360,C.J. Ham,31,FB,17,3,6,5,35,7,0,1,33.3,13,0.3,2.1,83.3,5.8,1
361,Peyton Hendershot,25,TE,7,1,5,5,51,10.2,0,2,80,15,0.7,7.3,100,10.2,0
362,Kendre Miller,22,RB,6,2,8,5,33,6.6,0,2,37.5,16,0.8,5.5,62.5,4.1,0
363,Scott Miller,27,WR,13,1,9,5,69,13.8,0,2,55.6,21,0.4,5.3,55.6,7.7,0
364,Quintin Morris,25,TE,16,3,8,5,36,7.2,1,3,50,14,0.3,2.3,62.5,4.5,0
365,Ronnie Rivers,25,RB,17,0,6,5,34,6.8,0,1,50,14,0.3,2,83.3,5.7,0
366,Laviska Shenault Jr.,26,WR,11,1,5,5,36,7.2,0,2,60,18,0.5,3.3,100,7.2,2
367,Ben Sinnott,22,TE,17,2,5,5,28,5.6,1,2,40,12,0.3,1.6,100,5.6,0
368,Ben Skowronek,27,WR,10,1,5,5,69,13.8,0,4,80,23,0.5,6.9,100,13.8,0
369,Kimani Vidal,23,RB,10,0,9,5,62,12.4,1,2,33.3,38,0.5,6.2,55.6,6.9,1
370,Johnny Wilson,23,WR,16,4,15,5,38,7.6,1,3,26.7,9,0.3,2.4,33.3,2.5,0
371,Kenny Yeboah,26,TE,9,1,8,5,47,9.4,1,3,62.5,13,0.6,5.2,62.5,5.9,0
372,Treylon Burks,24,WR,5,2,8,4,34,8.5,0,3,37.5,13,0.8,6.8,50,4.3,0
373,Jermaine Burton,23,WR,14,1,14,4,107,26.8,0,4,28.6,47,0.3,7.6,28.6,7.6,0
374,DJ Chark,28,WR,7,0,10,4,31,7.8,1,1,30,12,0.6,4.4,40,3.1,0
375,Jacob Cowing,23,WR,15,0,6,4,80,20,0,3,66.7,41,0.3,5.3,66.7,13.3,2
376,Will Mallory,25,TE,10,0,8,4,29,7.3,0,1,12.5,10,0.4,2.9,50,3.6,0
377,Scott Matlock,24,DL,17,11,5,4,28,7,0,1,60,10,0.2,1.6,80,5.6,0
378,Will Shipley,22,RB,16,1,4,4,35,8.8,0,2,75,13,0.3,2.2,100,8.8,0
379,Ben Sims,24,TE,17,5,5,4,42,10.5,0,1,60,28,0.2,2.5,80,8.4,0
380,Deven Thompkins,25,WR,7,0,4,4,20,5,0,2,50,12,0.6,2.9,100,5,0
381,Tyquan Thornton,24,WR,6,1,8,4,47,11.8,0,2,37.5,17,0.7,7.8,50,5.9,0
382,Alex Bachman,28,WR,6,1,3,3,31,10.3,0,2,66.7,18,0.5,5.2,100,10.3,0
383,Tyler Badie,24,RB,3,0,3,3,-2,-0.7,0,0,0,2,1,-0.7,100,-0.7,1
384,David Bell,24,WR,1,0,3,3,27,9,0,1,33.3,12,3,27,100,9,0
385,Jonathon Brooks,21,RB,3,1,3,3,23,7.7,0,2,66.7,18,1,7.7,100,7.7,0
386,Dan Chisena,27,WR,6,0,4,3,37,12.3,0,2,75,23,0.5,6.2,75,9.3,0
387,Tanner Conner,26,TE,8,1,4,3,16,5.3,0,1,50,11,0.4,2,75,4,0
388,Malachi Corley,22,WR,9,1,6,3,16,5.3,0,1,33.3,10,0.3,1.8,50,2.7,1
389,DeeJay Dallas,26,RB,17,0,3,3,11,3.7,1,1,33.3,5,0.2,0.6,100,3.7,1
390,Josiah Deguara,27,TE,15,0,3,3,14,4.7,0,0,0,8,0.2,0.9,100,4.7,0
391,Gus Edwards,29,RB,11,6,5,3,6,2,0,0,0,3,0.3,0.5,60,1.2,0
392,Clyde Edwards-Helaire,25,RB,2,0,5,3,24,8,0,1,20,14,1.5,12,60,4.8,0
393,D'Wayne Eskridge,27,WR,6,0,3,3,44,14.7,0,2,66.7,30,0.5,7.3,100,14.7,0
394,Hassan Haskins,25,RB,17,0,3,3,49,16.3,1,2,100,34,0.2,2.9,100,16.3,1
395,Dallin Holker,24,TE,12,2,4,3,21,7,0,1,25,10,0.3,1.8,75,5.3,0
396,Travis Homer,26,RB,10,0,3,3,11,3.7,0,0,33.3,6,0.3,1.1,100,3.7,0
397,Trenton Irwin,29,WR,7,2,10,3,15,5,0,1,30,6,0.4,2.1,30,1.5,0
398,Tim Jones,26,WR,17,0,5,3,41,13.7,0,3,60,20,0.2,2.4,60,8.2,0
399,Chris Manhertz,32,TE,17,11,4,3,30,10,1,2,75,16,0.2,1.8,75,7.5,0
400,Terrace Marshall Jr.,24,WR,7,1,6,3,41,13.7,0,1,50,28,0.4,5.9,50,6.8,0
401,Kenny McIntosh,24,RB,17,0,4,3,22,7.3,0,1,50,15,0.2,1.3,75,5.5,0
402,James Proche,28,WR,9,0,3,3,21,7,0,1,66.7,14,0.3,2.3,100,7,1
403,Craig Reynolds,28,RB,17,0,5,3,40,13.3,0,2,60,26,0.2,2.4,60,8,1
404,Patrick Ricard,30,FB,17,6,5,3,22,7.3,1,1,60,14,0.2,1.3,60,4.4,0
405,Allen Robinson,31,WR,12,0,7,3,30,10,0,3,42.9,21,0.3,2.5,42.9,4.3,0
406,Patrick Taylor,26,RB,13,1,11,3,25,8.3,0,2,18.2,12,0.2,1.9,27.3,2.3,0
407,Ian Thomas,28,TE,5,2,6,3,7,2.3,0,1,16.7,3,0.6,1.4,50,1.2,0
408,Jamari Thrash,24,WR,9,0,7,3,22,7.3,0,2,28.6,11,0.3,2.4,42.9,3.1,0
409,Sione Vaki,23,RB,16,0,3,3,37,12.3,0,2,100,17,0.2,2.3,100,12.3,0
410,Deuce Vaughn,23,RB,7,0,5,3,18,6,0,0,20,8,0.4,2.6,60,3.6,0
411,Jeff Wilson,29,RB,9,0,3,3,19,6.3,0,0,100,7,0.3,2.1,100,6.3,0
412,Jaylen Wright,21,RB,15,1,6,3,8,2.7,0,1,16.7,6,0.2,0.5,50,1.3,1
413,Jaheim Bell,23,TE,15,0,3,2,20,10,0,1,33.3,19,0.1,1.3,66.7,6.7,0
414,Ronnie Bell,24,WR,9,0,6,2,22,11,0,2,33.3,12,0.2,2.4,33.3,3.7,0
415,Julius Chestnut,24,RB,17,0,3,2,11,5.5,0,0,33.3,9,0.1,0.6,66.7,3.7,0
416,Grant Dubose,23,WR,3,0,4,2,11,5.5,0,1,25,13,0.7,3.7,50,2.8,0
417,Ashton Dulin,27,WR,15,2,8,2,67,33.5,1,2,25,54,0.1,4.5,25,8.4,0
418,Isaiah Hodgins,26,WR,3,0,2,2,12,6,0,0,100,7,0.7,4,100,6,0
419,Brevin Jordan,24,TE,2,1,3,2,7,3.5,0,1,33.3,4,1,3.5,66.7,2.3,0
420,Mason Kinsey,26,WR,6,0,2,2,17,8.5,0,1,100,11,0.3,2.8,100,8.5,0
421,Dameon Pierce,24,RB,11,0,4,2,2,1,0,0,0,1,0.2,0.2,50,0.5,1
422,Nikko Remigio,25,WR,5,1,6,2,48,24,0,2,33.3,25,0.4,9.6,33.3,8,1
423,Xavier Smith,27,WR,15,0,2,2,6,3,0,1,50,11,0.1,0.4,100,3,0
424,Jack Stoll,26,TE,7,2,3,2,10,5,0,0,33.3,6,0.3,1.4,66.7,3.3,0
425,J.J. Taylor,26,RB,5,0,3,2,0,0,0,0,0,,0.4,0,66.7,0,0
426,Eric Tomlinson,32,TE,9,1,4,2,9,4.5,0,0,0,7,0.2,1,50,2.3,0
427,Austin Trammell,26,WR,1,0,3,2,40,20,0,2,66.7,22,2,40,66.7,13.3,1
428,Cody White,26,WR,4,0,3,2,44,22,0,2,66.7,28,0.5,11,66.7,14.7,0
429,Kristian Wilkerson,27,WR,3,0,3,2,18,9,1,2,66.7,9,0.7,6,66.7,6,0
430,Isaiah Williams,23,WR,2,0,3,2,6,3,0,0,0,4,1,3,66.7,2,0
431,Javon Baker,22,WR,11,1,4,1,12,12,0,1,25,12,0.1,1.1,25,3,0
432,Chris Blair,27,WR,4,0,2,1,17,17,0,1,50,17,0.3,4.3,50,8.5,0
433,Mike Boone,29,RB,6,0,3,1,-2,-2,0,0,0,,0.2,-0.3,33.3,-0.7,0
434,Mike Caliendo,27,OL,17,3,1,1,5,5,0,1,100,5,0.1,0.3,100,5,0
435,Robbie Chosen,31,WR,2,0,4,1,5,5,0,0,0,5,0.5,2.5,25,1.3,0
436,Chris Collier,24,RB,3,0,2,1,-4,-4,0,0,0,-4,0.3,-1.3,50,-2,0
437,Dalvin Cook,29,RB,2,0,1,1,10,10,0,1,100,10,0.5,5,100,10,0
438,Jaelon Darden,25,WR,7,1,1,1,6,6,0,1,100,6,0.1,0.9,100,6,0
439,Zach Davidson,26,TE,2,0,2,1,5,5,0,0,50,5,0.5,2.5,50,2.5,0
440,Divine Deablo,26,LB,14,14,1,1,34,34,0,1,100,34,0.1,2.4,100,34,0
441,Ross Dwelley,29,TE,17,0,1,1,5,5,0,0,100,5,0.1,0.3,100,5,0
442,John FitzPatrick,24,TE,9,0,1,1,2,2,0,0,0,2,0.1,0.2,100,2,0
443,Jody Fortson,29,TE,3,0,3,1,5,5,0,1,33.3,5,0.3,1.7,33.3,1.7,0
444,Feleipe Franks,27,TE,16,0,3,1,12,12,0,1,33.3,12,0.1,0.8,33.3,4,0
445,Myles Gaskin,27,RB,5,0,1,1,11,11,0,0,100,11,0.2,2.2,100,11,0
446,Jared Goff,30,QB,17,17,1,1,7,7,1,1,100,7,0.1,0.4,100,7,6
447,Anthony Gould,23,WR,8,0,1,1,23,23,0,1,100,23,0.1,2.9,100,23,0
448,George Holani,25,RB,5,0,1,1,-1,-1,0,0,0,-1,0.2,-0.2,100,-1,0
449,Sam Hubbard,29,DE,14,14,1,1,2,2,1,1,100,2,0.1,0.1,100,2,0
450,Jha'Quan Jackson,24,WR,12,0,3,1,8,8,0,1,33.3,8,0.1,0.7,33.3,2.7,5
451,Jermar Jefferson,24,RB,2,0,1,1,10,10,0,1,100,10,0.5,5,100,10,0
452,E.J. Jenkins,26,TE,8,0,2,1,7,7,1,1,50,7,0.1,0.9,50,3.5,0
453,Brandon Johnson,26,WR,3,0,1,1,9,9,0,0,100,9,0.3,3,100,9,0
454,Collin Johnson,27,WR,9,0,2,1,6,6,0,1,50,6,0.1,0.7,50,3,0
455,Charlie Jones,26,WR,8,0,1,1,5,5,0,0,100,5,0.1,0.6,100,5,2
456,Marcus Jones,26,CB,14,9,1,1,18,18,0,1,100,18,0.1,1.3,100,18,2
457,Velus Jones Jr.,27,WR,3,0,1,1,8,8,0,0,100,8,0.3,2.7,100,8,1
460,Ramel Keyton,24,WR,8,0,3,1,7,7,0,1,33.3,7,0.1,0.9,33.3,2.3,0
461,Jacob Kibodi,26,RB,1,0,3,1,15,15,0,1,33.3,15,1,15,33.3,5,0
462,JC Latham,21,OT,17,17,1,1,0,0,0,0,0,,0.1,0,100,0,0
463,Marcedes Lewis,40,TE,17,4,2,1,2,2,0,1,50,2,0.1,0.1,50,1,0
464,MarShawn Lloyd,23,RB,1,0,1,1,3,3,0,0,0,3,1,3,100,3,0
465,Vederian Lowe,25,T,14,13,1,1,4,4,1,1,100,4,0.1,0.3,100,4,0
466,Patrick Mahomes,29,QB,16,16,1,1,2,2,0,0,0,2,0.1,0.1,100,2,2
467,Tay Martin,27,WR,1,0,2,1,49,49,1,1,50,49,1,49,50,24.5,0
468,David Martin-Robinson,25,TE,5,2,2,1,6,6,0,1,50,6,0.2,1.2,50,3,0
469,Anthony Miller,30,WR,2,0,1,1,16,16,0,1,100,16,0.5,8,100,16,0
470,Keaton Mitchell,22,RB,5,0,1,1,28,28,0,1,100,28,0.2,5.6,100,28,0
471,Wanya Morris,24,OL,17,11,1,1,1,1,1,1,100,1,0.1,0.1,100,1,0
472,Bo Nix,24,QB,17,17,1,1,2,2,1,1,100,2,0.1,0.1,100,2,3
473,Kendric Pryor,26,WR,1,0,1,1,9,9,0,0,100,9,1,9,100,9,0
474,Anthony Richardson,22,QB,11,11,1,1,-1,-1,0,0,0,-1,0.1,-0.1,100,-1,9
475,Chris Rodriguez,24,RB,9,0,1,1,12,12,0,1,100,12,0.1,1.3,100,12,0
476,John Ross,29,WR,1,0,2,1,6,6,0,1,50,6,1,6,50,3,0
477,Cody Schrader,25,RB,1,0,1,1,6,6,0,0,100,6,1,6,100,6,0
478,Trenton Scott,30,T,17,1,1,1,1,1,1,1,100,1,0.1,0.1,100,1,0
479,Tyler Scott,23,WR,11,0,1,1,5,5,0,0,0,5,0.1,0.5,100,5,0
480,Tyrell Shavers,25,WR,3,0,1,1,69,69,1,1,100,69,0.3,23,100,69,0
481,John Samuel Shenker,26,TE,8,0,1,1,7,7,0,0,100,7,0.1,0.9,100,7,0
482,Dan Skipper,30,T,17,5,1,1,9,9,1,1,100,9,0.1,0.5,100,9,0
483,Tyler Smith,23,OL,16,16,1,1,0,0,0,0,0,,0.1,0,100,0,0
484,Geoff Swaim,31,TE,8,2,1,1,7,7,0,0,100,7,0.1,0.9,100,7,0
485,Trent Taylor,30,WR,2,0,1,1,11,11,0,0,100,11,0.5,5.5,100,11,0
486,Juanyeh Thomas,24,S,13,0,1,1,4,4,0,0,0,4,0.1,0.3,100,4,0
487,Brycen Tremayne,25,WR,2,0,1,1,-2,-2,0,0,0,-2,0.5,-1,100,-2,0
488,Ben VanSumeren,24,LB,11,1,1,1,0,0,0,0,0,,0.1,0,100,0,0
489,Devontez Walker,23,WR,9,0,3,1,21,21,1,1,33.3,21,0.1,2.3,33.3,7,0
490,Casey Washington,23,WR,8,0,2,1,14,14,0,1,50,14,0.1,1.8,50,7,0
491,Blake Watson,25,RB,2,0,2,1,13,13,0,0,50,13,0.5,6.5,50,6.5,0
492,Jared Wiley,24,TE,7,2,1,1,7,7,0,0,0,7,0.1,1,100,7,0
493,Shane Zylstra,28,TE,12,1,1,1,22,22,0,1,100,22,0.1,1.8,100,22,0
494,Rasheen Ali,23,RB,6,0,2,0,0,,0,0,0,,0,0,0,0,0
495,Brandon Allen,32,QB,3,1,0,0,0,,0,0,,,0,0,,,2
496,Josh Allen,28,QB,17,17,0,0,7,,1,0,,7,0,0.4,,,5
497,Tyson Bagent,24,QB,4,0,0,0,0,,0,0,,,0,0,,,0
498,Jake Bailey,27,P,17,0,0,0,0,,0,0,,,0,0,,,1
499,Brenden Bates,25,TE,2,0,1,0,0,,0,0,0,,0,0,0,0,0
500,Andrew Beck,28,FB,4,0,2,0,0,,0,0,0,,0,0,0,0,0
503,Dane Belton,24,S,17,6,0,0,0,,0,0,,,0,0,,,0
504,Braxton Berrios,29,WR,6,0,4,0,0,,0,0,0,,0,0,0,0,0
505,Raheem Blackshear,25,RB,16,1,0,0,0,,0,0,,,0,0,,,2
506,Tim Boyle,30,QB,3,0,0,0,0,,0,0,,,0,0,,,0
509,Jake Brendel,32,OL,17,17,0,0,2,,0,0,,2,0,0.1,,,1
510,Jacoby Brissett,32,QB,8,5,0,0,0,,0,0,,,0,0,,,4
511,British Brooks,25,RB,5,0,0,0,0,,0,0,,,0,0,,,0
512,Jake Browning,28,QB,3,0,0,0,0,,0,0,,,0,0,,,0
513,Joe Burrow,28,QB,17,17,0,0,0,,0,0,,,0,0,,,11
514,Derek Carr,33,QB,10,10,0,0,0,,0,0,,,0,0,,,3
515,Irvin Charles,27,WR,13,0,1,0,0,,0,0,0,,0,0,0,0,0
516,Kirk Cousins,36,QB,14,14,0,0,0,,0,0,,,0,0,,,13
517,Baylor Cupp,24,TE,1,0,1,0,0,,0,0,0,,0,0,0,0,0
518,Andy Dalton,37,QB,6,5,0,0,0,,0,0,,,0,0,,,2
519,Jayden Daniels,24,QB,17,17,0,0,0,,0,0,,,0,0,,,5
520,Sam Darnold,27,QB,17,17,0,0,0,,0,0,,,0,0,,,8
521,Ashtyn Davis,28,S,15,1,0,0,0,,0,0,,,0,0,,,0
522,Tyrion Davis-Price,24,RB,1,0,0,0,0,,0,0,,,0,0,,,0
523,Taylor Decker,31,T,14,14,1,0,0,,0,0,0,,0,0,0,0,0
524,Tommy DeVito,26,QB,3,2,0,0,0,,0,0,,,0,0,,,0
525,Joshua Dobbs,29,QB,2,1,0,0,0,,0,0,,,0,0,,,2
526,Darrynton Evans,26,RB,5,0,0,0,0,,0,0,,,0,0,,,0
527,Erik Ezukanma,24,WR,2,0,2,0,0,,0,0,0,,0,0,0,0,0
528,Justin Fields,25,QB,10,6,0,0,0,,0,0,,,0,0,,,6
529,Joe Flacco,39,QB,8,6,0,0,0,,0,0,,,0,0,,,4
530,Sam Franklin,28,S,10,0,1,0,0,,0,0,0,,0,0,0,0,0
531,Zach Frazier,23,C,15,15,0,0,-2,,0,0,,-2,0,-0.1,,,1
532,Jimmy Garoppolo,33,QB,1,1,0,0,0,,0,0,,,0,0,,,0
533,Reggie Gilliam,27,FB,15,0,0,0,0,,0,0,,,0,0,,,0
534,C.J. Goodwin,34,CB,17,0,1,0,0,,0,0,0,,0,0,0,0,0
535,Jake Haener,25,QB,8,1,0,0,0,,0,0,,,0,0,,,0
536,Matthew Hayball,27,P,17,0,0,0,0,,0,0,,,0,0,,,0
537,Taylor Heinicke,31,QB,4,0,0,0,0,,0,0,,,0,0,,,0
538,Justin Herbert,26,QB,17,17,0,0,0,,0,0,,,0,0,,,6
539,Jaden Hicks,22,DB,17,1,0,0,0,,0,0,,,0,0,,,0
540,Hendon Hooker,26,QB,3,0,0,0,0,,0,0,,,0,0,,,0
541,Sam Howell,24,QB,2,0,0,0,0,,0,0,,,0,0,,,0
542,Tyler Huntley,26,QB,5,5,0,0,0,,0,0,,,0,0,,,6
543,Jalen Hurts,26,QB,15,15,0,0,0,,0,0,,,0,0,,,9
544,Jermaine Jackson,24,WR,4,0,0,0,0,,0,0,,,0,0,,,0
545,Lamar Jackson,27,QB,17,17,0,0,0,,0,0,,,0,0,,,10
546,Terrell Jennings,23,RB,3,0,1,0,0,,0,0,0,,0,0,0,0,0
547,Josh Johnson,38,QB,6,0,0,0,0,,0,0,,,0,0,,,0
548,Kameron Johnson,22,WR,5,0,1,0,0,,0,0,0,,0,0,0,0,0
549,Daniel Jones,27,QB,10,10,0,0,0,,0,0,,,0,0,,,4
550,Mac Jones,26,QB,10,7,0,0,0,,0,0,,,0,0,,,2
551,Tony Jones,27,RB,1,0,0,0,0,,0,0,,,0,0,,,0
552,Joshua Kelley,27,RB,3,0,0,0,0,,0,0,,,0,0,,,0
553,Tom Kennedy,28,WR,4,0,1,0,0,,0,0,0,,0,0,0,0,0
554,Trey Lance,24,QB,4,1,0,0,0,,0,0,,,0,0,,,0
555,Dylan Laube,25,RB,10,0,0,0,0,,0,0,,,0,0,,,1
556,Trevor Lawrence,25,QB,10,10,0,0,-5,,0,0,,-5,0,-0.5,,,3
557,Will Levis,25,QB,12,12,0,0,0,,0,0,,,0,0,,,10
558,Drew Lock,28,QB,8,5,0,0,0,,0,0,,,0,0,,,5
559,Jordan Love,26,QB,15,15,0,0,0,,0,0,,,0,0,,,4
560,Julian Love,26,FS,17,17,0,0,0,,0,0,,,0,0,,,0
561,Marcus Mariota,31,QB,3,0,0,0,0,,0,0,,,0,0,,,0
562,Jordan Matthews,32,TE,4,1,1,0,0,,0,0,0,,0,0,0,0,0
563,Drake Maye,22,QB,13,12,0,0,0,,0,0,,,0,0,,,9
564,Baker Mayfield,29,QB,17,17,0,0,0,,0,0,,,0,0,,,13
565,Tyreik McAllister,26,WR,3,0,0,0,0,,0,0,,,0,0,,,0
566,Jase McClellan,22,RB,2,0,0,0,0,,0,0,,,0,0,,,0
567,Tanner McKee,24,QB,2,1,0,0,0,,0,0,,,0,0,,,0
568,Davis Mills,26,QB,4,0,0,0,0,,0,0,,,0,0,,,0
569,Joe Milton,24,QB,1,0,0,0,0,,0,0,,,0,0,,,1
570,Gardner Minshew II,28,QB,10,9,0,0,0,,0,0,,,0,0,,,6
571,Skyy Moore,24,WR,6,0,3,0,0,,0,0,0,,0,0,0,0,0
572,Nick Mullens,29,QB,4,0,0,0,0,,0,0,,,0,0,,,0
573,Kyler Murray,27,QB,17,17,0,0,0,,0,0,,,0,0,,,8
574,Aidan O'Connell,26,QB,9,7,0,0,0,,0,0,,,0,0,,,2
575,Chris Oladokun,27,QB,1,0,0,0,0,,0,0,,,0,0,,,1
576,Michael Penix,24,QB,5,3,0,0,0,,0,0,,,0,0,,,2
577,Dell Pettus,23,S,17,1,0,0,0,,0,0,,,0,0,,,0
578,Kenny Pickett,26,QB,5,1,0,0,0,,0,0,,,0,0,,,1
579,James Pierre,28,CB,15,2,1,0,0,,0,0,0,,0,0,0,0,0
580,Adam Prentice,27,FB,17,7,4,0,0,,0,0,0,,0,0,0,0,0
581,Dak Prescott,31,QB,8,8,0,0,0,,0,0,,,0,0,,,4
582,Dominick Puni,24,OL,17,17,0,0,-3,,0,0,,-3,0,-0.2,,,0
583,Brock Purdy,25,QB,15,15,0,0,0,,0,0,,,0,0,,,7
584,Spencer Rattler,24,QB,7,6,0,0,0,,0,0,,,0,0,,,5
585,Jalen Reeves-Maybin,29,LB,10,0,0,0,0,,0,0,,,0,0,,,0
586,Desmond Ridder,25,QB,6,1,0,0,0,,0,0,,,0,0,,,3
587,Aaron Rodgers,41,QB,17,17,0,0,0,,0,0,,,0,0,,,5
588,Justyn Ross,25,WR,2,0,1,0,0,,0,0,0,,0,0,0,0,0
589,Mason Rudolph,29,QB,8,5,0,0,0,,0,0,,,0,0,,,5
590,Cooper Rush,31,QB,12,8,0,0,0,,0,0,,,0,0,,,9
591,JK Scott,29,P,17,0,0,0,0,,0,0,,,0,0,,,1
592,Aaron Shampklin,25,RB,3,0,0,0,0,,0,0,,,0,0,,,0
593,Steven Sims,27,WR,7,0,0,0,0,,0,0,,,0,0,,,2
594,Geno Smith,34,QB,17,17,0,0,0,,0,0,,,0,0,,,9
595,Matthew Stafford,36,QB,16,16,0,0,0,,0,0,,,0,0,,,6
596,Jarrett Stidham,28,QB,3,0,0,0,0,,0,0,,,0,0,,,0
597,C.J. Stroud,23,QB,17,17,1,0,0,,0,0,0,,0,0,0,0,6
598,Stephen Sullivan,28,TE,1,0,1,0,0,,0,0,0,,0,0,0,0,0
599,Tua Tagovailoa,26,QB,11,11,0,0,0,,0,0,,,0,0,,,7
600,Tyrod Taylor,35,QB,2,0,0,0,0,,0,0,,,0,0,,,1
601,Tavierre Thomas,28,CB,17,0,0,0,0,,0,0,,,0,0,,,0
602,Skylar Thompson,27,QB,3,1,0,0,0,,0,0,,,0,0,,,2
603,Dorian Thompson-Robinson,25,QB,7,2,0,0,0,,0,0,,,0,0,,,3
604,Kadarius Toney,25,WR,3,0,1,0,0,,0,0,0,,0,0,0,0,1
605,Kyle Trask,26,QB,4,0,0,0,0,,0,0,,,0,0,,,0
606,Mitchell Trubisky,30,QB,9,0,0,0,0,,0,0,,,0,0,,,1
607,Clayton Tune,25,QB,6,0,0,0,0,,0,0,,,0,0,,,1
608,Ke'Shawn Vaughn,27,RB,3,0,0,0,0,,0,0,,,0,0,,,0
609,Jonathan Ward,27,RB,4,0,0,0,0,,0,0,,,0,0,,,0
610,Deshaun Watson,29,QB,7,7,0,0,0,,0,0,,,0,0,,,5
611,Xavier Weaver,24,WR,2,0,2,0,0,,0,0,0,,0,0,0,0,0
612,Carson Wentz,32,QB,3,1,0,0,0,,0,0,,,0,0,,,0
613,Caleb Williams,23,QB,17,17,0,0,0,,0,0,,,0,0,,,10
614,Brayden Willis,25,TE,10,0,2,0,0,,0,0,0,,0,0,0,0,0
615,Malik Willis,25,QB,7,2,0,0,0,,0,0,,,0,0,,,1
616,Russell Wilson,36,QB,11,11,0,0,0,,0,0,,,0,0,,,5
617,Jameis Winston,30,QB,12,7,0,0,0,,0,0,,,0,0,,,5
618,Tristan Wirfs,25,T,16,16,0,0,9,,0,0,,9,0,0.6,,,1
619,Bryce Young,23,QB,14,12,0,0,0,,0,0,,,0,0,,,5
620,Dareke Young,25,WR,14,0,1,0,0,,0,0,0,,0,0,0,0,0
621,Bailey Zappe,25,QB,1,1,0,0,0,,0,0,,,0,0,,,0
,League Average,,,,,,,,,,,51.5,,1.6,17.8,68.3,7.5,
Provided by Pro-Football-Reference.com: View Original Table,,,,,,,,,,,,,,,,,,
Generated 3/4/2025.,,,,,,,,,,,,,,,,,,
Bold season totals indicate player led league.,,,,,,,,,,,,,,,,,,
Black Ink appears for stats with a leaderboard.,,,,,,,,,,,,,,,,,,
More 2024 NFL Pages,,,,,,,,,,,,,,,,,,
,,,,,,,,,,,,,,,,,,
2024 NFL Season,,,,,,,,,,,,,,,,,,
,,,,,,,,,,,,,,,,,,
Standard Player Stats,,,,,,,,,,,,,,,,,,
,,,,,,,,,,,,,,,,,,
Passing,,,,,,,,,,,,,,,,,,
Rushing,,,,,,,,,,,,,,,,,,
Receiving,,,,,,,,,,,,,,,,,,
Scrimmage Stats,,,,,,,,,,,,,,,,,,
Defense,,,,,,,,,,,,,,,,,,
Kicking,,,,,,,,,,,,,,,,,,
Punting,,,,,,,,,,,,,,,,,,
Kick & Punt Returns,,,,,,,,,,,,,,,,,,
Scoring,,,,,,,,,,,,,,,,,,
,,,,,,,,,,,,,,,,,,
Fantasy Player Stats,,,,,,,,,,,,,,,,,,
,,,,,,,,,,,,,,,,,,
Player Fantasy Ranks,,,,,,,,,,,,,,,,,,
Red Zone Passing,,,,,,,,,,,,,,,,,,
Red Zone Rushing,,,,,,,,,,,,,,,,,,
Red Zone Receiving,,,,,,,,,,,,,,,,,,
,,,,,,,,,,,,,,,,,,
Defense vs. Pos,,,,,,,,,,,,,,,,,,
,,,,,,,,,,,,,,,,,,
RB,,,,,,,,,,,,,,,,,,
TE,,,,,,,,,,,,,,,,,,
QB,,,,,,,,,,,,,,,,,,
WR,,,,,,,,,,,,,,,,,,
,,,,,,,,,,,,,,,,,,
Weeks,,,,,,,,,,,,,,,,,,
,,,,,,,,,,,,,,,,,,
Week 1,,,,,,,,,,,,,,,,,,
Week 2,,,,,,,,,,,,,,,,,,
Week 3,,,,,,,,,,,,,,,,,,
Week 4,,,,,,,,,,,,,,,,,,
Week 5,,,,,,,,,,,,,,,,,,
Week 6,,,,,,,,,,,,,,,,,,
Week 7,,,,,,,,,,,,,,,,,,
Week 8,,,,,,,,,,,,,,,,,,
Week 9,,,,,,,,,,,,,,,,,,
Week 10,,,,,,,,,,,,,,,,,,
Week 11,,,,,,,,,,,,,,,,,,
Week 12,,,,,,,,,,,,,,,,,,
Week 13,,,,,,,,,,,,,,,,,,
Week 14,,,,,,,,,,,,,,,,,,
Week 15,,,,,,,,,,,,,,,,,,
Week 16,,,,,,,,,,,,,,,,,,
Week 17,,,,,,,,,,,,,,,,,,
Week 18,,,,,,,,,,,,,,,,,,
Wild Card,,,,,,,,,,,,,,,,,,
Divisional,,,,,,,,,,,,,,,,,,
Conf Champ,,,,,,,,,,,,,,,,,,
Super Bowl,,,,,,,,,,,,,,,,,,
,,,,,,,,,,,,,,,,,,
Awards,,,,,,,,,,,,,,,,,,
,,,,,,,,,,,,,,,,,,
AllPro,,,,,,,,,,,,,,,,,,
Pro Bowl,,,,,,,,,,,,,,,,,,
Awards Voting,,,,,,,,,,,,,,,,,,
Team Defense,,,,,,,,,,,,,,,,,,
Leaders,,,,,,,,,,,,,,,,,,
Schedule,,,,,,,,,,,,,,,,,,
Coaches,,,,,,,,,,,,,,,,,,
Draft,,,,,,,,,,,,,,,,,,
College Football,,,,,,,,,,,,,,,,,,
Advanced Stats,,,,,,,,,,,,,,,,,,
Penalties,,,,,,,,,,,,,,,,,,
O-Line Penalties,,,,,,,,,,,,,,,,,,
Training Camps,,,,,,,,,,,,,,,,,,
Deaths,,,,,,,,,,,,,,,,,,
Debuts,,,,,,,,,,,,,,,,,,
Attendance,,,,,,,,,,,,,,,,,,
Preseason,,,,,,,,,,,,,,,,,,
Preseason Odds,,,,,,,,,,,,,,,,,,
Splits,,,,,,,,,,,,,,,,,,
,,,,,,,,,,,,,,,,,,
Transactions,,,,,,,,,,,,,,,,,,
,,,,,,,,,,,,,,,,,,
January,,,,,,,,,,,,,,,,,,
February,,,,,,,,,,,,,,,,,,
March,,,,,,,,,,,,,,,,,,
April,,,,,,,,,,,,,,,,,,
May,,,,,,,,,,,,,,,,,,
June,,,,,,,,,,,,,,,,,,
July,,,,,,,,,,,,,,,,,,
August,,,,,,,,,,,,,,,,,,
September,,,,,,,,,,,,,,,,,,
October,,,,,,,,,,,,,,,,,,
November,,,,,,,,,,,,,,,,,,
December,,,,,,,,,,,,,,,,,,
Ad-Free Login,,,,,,,,,,,,,,,,,,
Create Account,,,,,,,,,,,,,,,,,,
You are here: PFR Home Page > All Years > 2024 NFL > Receiving,,,,,,,,,,,,,,,,,,
Full Site Menu,,,,,,,,,,,,,,,,,,
Return to Top,,,,,,,,,,,,,,,,,,
Players,,,,,,,,,,,,,,,,,,
"In the News: Matthew Stafford, Deebo Samuel, Sam Darnold, Brock Purdy, Aaron Rodgers, Myles Garrett ...",,,,,,,,,,,,,,,,,,
"Popular: Tom Brady, Cam Newton, Aaron Donald, Russell Wilson, Aaron Rodgers, Odell Beckham Jr., J.J. Watt, Peyton Manning, Patrick Mahomes, Julio Jones, Antonio Brown, Ben Roethlisberger, Drew Brees, Todd Gurley ...",,,,,,,,,,,,,,,,,,
"Hall of Famers, Pro Bowlers, MVPs, Player Linker Tool ...",,,,,,,,,,,,,,,,,,
Teams,,,,,,,,,,,,,,,,,,
"AFC East: Bills, Dolphins, Jets, Patriots",,,,,,,,,,,,,,,,,,
"AFC North: Ravens, Steelers, Bengals, Browns",,,,,,,,,,,,,,,,,,
"AFC South: Texans, Colts, Jaguars, Titans",,,,,,,,,,,,,,,,,,
"AFC West: Chiefs, Chargers, Broncos, Raiders",,,,,,,,,,,,,,,,,,
"NFC East: Eagles, Commanders, Cowboys, Giants",,,,,,,,,,,,,,,,,,
"NFC North: Lions, Vikings, Packers, Bears",,,,,,,,,,,,,,,,,,
"NFC South: Buccaneers, Falcons, Panthers, Saints",,,,,,,,,,,,,,,,,,
"NFC West: Rams, Seahawks, Cardinals, 49ers",,,,,,,,,,,,,,,,,,
Seasons,,,,,,,,,,,,,,,,,,
"Current Season, Current Season Schedule, Current Leaders",,,,,,,,,,,,,,,,,,
"2023, 2022, 2021, 2020, 2019, ...",,,,,,,,,,,,,,,,,,
NFL Leaders,,,,,,,,,,,,,,,,,,
"Career Passing Yards, Single Season Rush TD, Single Game Sacks ...",,,,,,,,,,,,,,,,,,
NFL Scores,,,,,,,,,,,,,,,,,,
"All-time Scores, Find a Score ...",,,,,,,,,,,,,,,,,,
NFL Draft,,,,,,,,,,,,,,,,,,
"2024 Draft, Draft History ...",,,,,,,,,,,,,,,,,,
Stathead,,,,,,,,,,,,,,,,,,
"Player Finders: Season Finder, Game Finder, Streak Finder, Span Finder, Split Finder",,,,,,,,,,,,,,,,,,
"Team Finders: Season Finder, Game Finder, Streak Finder, Span Finder, Split Finder",,,,,,,,,,,,,,,,,,
"Other Finders: Versus Finder, Touchdown Finder, Field Goal Finder, Game Play Finder, Drive Finder",,,,,,,,,,,,,,,,,,
"College Finders (NEW): Player Season Finder, Player Game Finder, Team Season Finder, Team Game Finder",,,,,,,,,,,,,,,,,,
Super Bowl Winners,,,,,,,,,,,,,,,,,,
"Super Bowl Leaders, Super Bowl Standings ...",,,,,,,,,,,,,,,,,,
Schools,,,,,,,,,,,,,,,,,,
"All Player Colleges, High Schools ...",,,,,,,,,,,,,,,,,,
NFL Coaches,,,,,,,,,,,,,,,,,,
"Active Coaches: Andy Reid, Mike Tomlin, Mike McCarthy, John Harbaugh ...",,,,,,,,,,,,,,,,,,
"Historical Coaches: Don Shula, George Halas, Bill Belichick, Tom Landry ...",,,,,,,,,,,,,,,,,,
Executives,,,,,,,,,,,,,,,,,,
"Bud Adams, Scott Pioli, George Halas ...",,,,,,,,,,,,,,,,,,
NFL Officials,,,,,,,,,,,,,,,,,,
"Ed Hochuli, Tony Steratore, Terry McAulay ...",,,,,,,,,,,,,,,,,,
Fantasy Football Stats,,,,,,,,,,,,,,,,,,
"Current Fantasy Matchups, Fantasy Points Allowed ...",,,,,,,,,,,,,,,,,,
Stadiums,,,,,,,,,,,,,,,,,,
"Lambeau Field, Superdome, Candlestick Park ...",,,,,,,,,,,,,,,,,,
NFL Awards,,,,,,,,,,,,,,,,,,
"Pro Football Hall of Fame, AP NFL MVP, Pro Bowl ...",,,,,,,,,,,,,,,,,,
Frivolities,,,,,,,,,,,,,,,,,,
"Players who played for multiple teams, Player Linker Tool, Birthdays, Uniform Numbers ...",,,,,,,,,,,,,,,,,,
About,,,,,,,,,,,,,,,,,,
"Glossary, Stat Minimums, Frequently Asked Questions about the NFL and Football ...",,,,,,,,,,,,,,,,,,
Immaculate Grid,,,,,,,,,,,,,,,,,,
Put your football knowledge to the test with our daily football trivia game. Can you complete the grid?,,,,,,,,,,,,,,,,,,
Pro-Football-Reference.com Blog and Articles,,,,,,,,,,,,,,,,,,
We're Social...for Statheads,,,,,,,,,,,,,,,,,,
,,,,,,,,,,,,,,,,,,
Every Sports Reference Social Media Account,,,,,,,,,,,,,,,,,,
,,,,,,,,,,,,,,,,,,
"Site Last Updated: Tuesday, March 4, 6:40AM",,,,,,,,,,,,,,,,,,
,,,,,,,,,,,,,,,,,,
"Question, Comment, Feedback, or Correction?",,,,,,,,,,,,,,,,,,
,,,,,,,,,,,,,,,,,,
Subscribe to our Free Email Newsletter,,,,,,,,,,,,,,,,,,
,,,,,,,,,,,,,,,,,,
Subscribe to Stathead Football: Get your first month FREEYour All-Access Ticket to the Pro Football Reference Database,,,,,,,,,,,,,,,,,,
,,,,,,,,,,,,,,,,,,
Do you have a sports website? Or write about sports? We have tools and resources that can help you use sports data. Find out more.,,,,,,,,,,,,,,,,,,
"FAQs, Tip & Tricks",,,,,,,,,,,,,,,,,,
Learn about the Approximate Value Formula,,,,,,,,,,,,,,,,,,
Details on the Pro Football Reference Win Probability,,,,,,,,,,,,,,,,,,
Tips and Tricks from our Blog.,,,,,,,,,,,,,,,,,,
Do you have a blog? Join our linker program.,,,,,,,,,,,,,,,,,,
Watch our How-To Videos to Become a Stathead,,,,,,,,,,,,,,,,,,
Subscribe to Stathead and get access to more data than you can imagine,,,,,,,,,,,,,,,,,,
,,,,,,,,,,,,,,,,,,
All logos are the trademark & property of their owners and not Sports Reference LLC. We present them here for purely educational purposes. Our reasoning for presenting offensive logos.,,,,,,,,,,,,,,,,,,
,,,,,,,,,,,,,,,,,,
Logos were compiled by the amazing SportsLogos.net.,,,,,,,,,,,,,,,,,,
,,,,,,,,,,,,,,,,,,
Data Provided By,,,,,,,,,,,,,,,,,,
,,,,,,,,,,,,,,,,,,
Copyright © 2000-2025 Sports Reference LLC. All rights reserved.,,,,,,,,,,,,,,,,,,
,,,,,,,,,,,,,,,,,,
"The SPORTS REFERENCE, STATHEAD, IMMACULATE GRID, and IMMACULATE FOOTY trademarks are owned exclusively by Sports Reference LLC. Use without license or authorization is expressly prohibited.",,,,,,,,,,,,,,,,,,
,,,,,,,,,,,,,,,,,,
Please see our Contributors and Sources page for data source details.,,,,,,,,,,,,,,,,,,
Sports Reference ®,,,,,,,,,,,,,,,,,,
Baseball,,,,,,,,,,,,,,,,,,
Football (college),,,,,,,,,,,,,,,,,,
Basketball (college),,,,,,,,,,,,,,,,,,
Hockey,,,,,,,,,,,,,,,,,,
Soccer,,,,,,,,,,,,,,,,,,
Blog,,,,,,,,,,,,,,,,,,
Stathead ®,,,,,,,,,,,,,,,,,,
Immaculate Grid ®,,,,,,,,,,,,,,,,,,
About • Conditions & Terms of Service • Advertise With Us • Jobs at SR • Pro-Football-Reference.com T-Shirts & Store • Cookie Preferences,,,,,,,,,,,,,,,,,,
,,,,,,,,,,,,,,,,,,
"Sports Reference Purpose: We will be the trusted source of information and tools that inspire and empower users to enjoy, understand, and share the sports they love.",,,,,,,,,,,,,,,,,,
,,,,,,,,,,,,,,,,,,
Privacy Policy • Gambling Revenue Policy • Accessibility Policy • Use of Data,,,,,,,,,,,,,,,,,,